{"cameraMode":{"drawMode":0,"name":"Shaded","section":"Shading Mode"},"sceneLighting":true,"audioPlay":false,"sceneViewState":{"showFog":true,"showMaterialUpdate":true,"showSkybox":true,"showFlares":true,"showImageEffects":true,"showParticleSystems":true},"in2DMode":false,"pivot":{"x":-6.360298156738281,"y":0.4993017315864563,"z":2.8450546264648439},"rotation":{"x":0.08576615154743195,"y":0.6885668039321899,"z":-0.08253555744886399,"w":0.7153649926185608},"size":2.9699206352233888,"orthographic":false}